semana;data_inicio;data_fim;regiao;receita_liquida;qtd_pedidos;ticket_medio;taxa_devolucao_pct;nps;meta_receita;var_semana_anterior_pct
2023-S01;2023-01-02;2023-01-08;Norte;790724,32;3916;201,92;8,72;50;822120,00;-30,91
2023-S01;2023-01-02;2023-01-08;Nordeste;1140151,66;5997;190,12;8,54;43;1162800,00;-29,57
2023-S01;2023-01-02;2023-01-08;Centro-Oeste;881462,61;4006;220,04;9,63;54;922080,00;-31,33
2023-S01;2023-01-02;2023-01-08;Sudeste;1755784,35;6397;274,47;9,77;57;1772760,00;-28,86
2023-S01;2023-01-02;2023-01-08;Sul;1130973,70;4701;240,58;7,43;49;1105680,00;-26,53
2023-S02;2023-01-09;2023-01-15;Norte;795219,17;4099;194,00;7,90;45;822120,00;0,57
2023-S02;2023-01-09;2023-01-15;Nordeste;1136543,59;5915;192,15;8,54;45;1162800,00;-0,32
2023-S02;2023-01-09;2023-01-15;Centro-Oeste;919446,88;4088;224,91;8,97;53;922080,00;4,31
2023-S02;2023-01-09;2023-01-15;Sudeste;1811527,93;6682;271,11;9,63;54;1772760,00;3,17
2023-S02;2023-01-09;2023-01-15;Sul;1060428,17;4354;243,55;8,27;55;1105680,00;-6,24
2023-S03;2023-01-16;2023-01-22;Norte;863531,71;4339;199,02;8,34;51;822120,00;8,59
2023-S03;2023-01-16;2023-01-22;Nordeste;1168592,52;6415;182,17;8,50;46;1162800,00;2,82
2023-S03;2023-01-16;2023-01-22;Centro-Oeste;930276,89;4388;212,00;8,86;48;922080,00;1,18
2023-S03;2023-01-16;2023-01-22;Sudeste;1677726,17;6420;261,33;9,48;57;1772760,00;-7,39
2023-S03;2023-01-16;2023-01-22;Sul;1093194,88;4629;236,16;8,47;54;1105680,00;3,09
2023-S04;2023-01-23;2023-01-29;Norte;808032,40;4271;189,19;8,89;49;822120,00;-6,43
2023-S04;2023-01-23;2023-01-29;Nordeste;1049513,97;5670;185,10;9,46;42;1162800,00;-10,19
2023-S04;2023-01-23;2023-01-29;Centro-Oeste;883727,27;3907;226,19;8,37;50;922080,00;-5,00
2023-S04;2023-01-23;2023-01-29;Sudeste;1738954,97;6470;268,77;9,15;58;1772760,00;3,65
2023-S04;2023-01-23;2023-01-29;Sul;1095144,96;4609;237,61;8,42;56;1105680,00;0,18
2023-S05;2023-01-30;2023-02-05;Norte;836011,37;4074;205,21;8,40;52;822120,00;3,46
2023-S05;2023-01-30;2023-02-05;Nordeste;1148586,39;6071;189,19;8,89;44;1162800,00;9,44
2023-S05;2023-01-30;2023-02-05;Centro-Oeste;923787,96;4023;229,63;9,45;54;922080,00;4,53
2023-S05;2023-01-30;2023-02-05;Sudeste;1722901,65;6529;263,88;9,14;50;1772760,00;-0,92
2023-S05;2023-01-30;2023-02-05;Sul;1002752,67;4167;240,64;8,33;48;1105680,00;-8,44
2023-S06;2023-02-06;2023-02-12;Norte;740861,18;4152;178,43;7,87;48;725400,00;-11,38
2023-S06;2023-02-06;2023-02-12;Nordeste;1122395,13;6448;174,07;8,38;43;1026000,00;-2,28
2023-S06;2023-02-06;2023-02-12;Centro-Oeste;806677,32;4170;193,45;9,23;50;813600,00;-12,68
2023-S06;2023-02-06;2023-02-12;Sudeste;1654246,08;7030;235,31;10,85;52;1564200,00;-3,98
2023-S06;2023-02-06;2023-02-12;Sul;1011578,64;4734;213,68;8,53;54;975600,00;0,88
2023-S07;2023-02-13;2023-02-19;Norte;738488,79;4167;177,22;8,50;45;725400,00;-0,32
2023-S07;2023-02-13;2023-02-19;Nordeste;1006259,23;5919;170,00;8,93;44;1026000,00;-10,35
2023-S07;2023-02-13;2023-02-19;Centro-Oeste;759276,16;3915;193,94;8,80;46;813600,00;-5,88
2023-S07;2023-02-13;2023-02-19;Sudeste;1584653,34;6751;234,73;10,16;51;1564200,00;-4,21
2023-S07;2023-02-13;2023-02-19;Sul;935870,80;4411;212,17;8,61;52;975600,00;-7,48
2023-S08;2023-02-20;2023-02-26;Norte;785573,41;4650;168,94;7,98;45;725400,00;6,38
2023-S08;2023-02-20;2023-02-26;Nordeste;1027208,24;5942;172,87;8,90;47;1026000,00;2,08
2023-S08;2023-02-20;2023-02-26;Centro-Oeste;786535,98;4300;182,92;9,35;54;813600,00;3,59
2023-S08;2023-02-20;2023-02-26;Sudeste;1611507,16;6283;256,49;8,34;53;1564200,00;1,69
2023-S08;2023-02-20;2023-02-26;Sul;1056619,49;5153;205,05;8,37;56;975600,00;12,90
2023-S09;2023-02-27;2023-03-05;Norte;724160,60;4124;175,60;7,30;48;725400,00;-7,82
2023-S09;2023-02-27;2023-03-05;Nordeste;1043000,60;6330;164,77;8,54;41;1026000,00;1,54
2023-S09;2023-02-27;2023-03-05;Centro-Oeste;847726,02;4443;190,80;8,16;52;813600,00;7,78
2023-S09;2023-02-27;2023-03-05;Sudeste;1495157,59;5927;252,26;9,49;53;1564200,00;-7,22
2023-S09;2023-02-27;2023-03-05;Sul;935483,97;4505;207,65;9,30;49;975600,00;-11,46
2023-S10;2023-03-06;2023-03-12;Norte;763437,97;4249;179,67;8,67;45;749580,00;5,42
2023-S10;2023-03-06;2023-03-12;Nordeste;1093218,45;6634;164,79;9,88;44;1060200,00;4,81
2023-S10;2023-03-06;2023-03-12;Centro-Oeste;840208,84;4460;188,39;8,13;51;840720,00;-0,89
2023-S10;2023-03-06;2023-03-12;Sudeste;1732600,87;7386;234,58;8,45;57;1616340,00;15,88
2023-S10;2023-03-06;2023-03-12;Sul;923625,16;4253;217,17;9,24;53;1008120,00;-1,27
2023-S11;2023-03-13;2023-03-19;Norte;731463,60;3923;186,46;8,13;46;749580,00;-4,19
2023-S11;2023-03-13;2023-03-19;Nordeste;1055759,46;6143;171,86;8,77;48;1060200,00;-3,43
2023-S11;2023-03-13;2023-03-19;Centro-Oeste;845384,07;4227;200,00;9,32;53;840720,00;0,62
2023-S11;2023-03-13;2023-03-19;Sudeste;1689380,42;6834;247,20;8,79;51;1616340,00;-2,49
2023-S11;2023-03-13;2023-03-19;Sul;925440,59;4299;215,27;8,72;49;1008120,00;0,20
2023-S12;2023-03-20;2023-03-26;Norte;719797,78;4104;175,39;8,92;49;749580,00;-1,59
2023-S12;2023-03-20;2023-03-26;Nordeste;998802,00;5595;178,52;9,37;42;1060200,00;-5,39
2023-S12;2023-03-20;2023-03-26;Centro-Oeste;751362,98;4033;186,30;9,29;53;840720,00;-11,12
2023-S12;2023-03-20;2023-03-26;Sudeste;1722755,28;6969;247,20;9,55;55;1616340,00;1,98
2023-S12;2023-03-20;2023-03-26;Sul;947284,95;4250;222,89;9,38;52;1008120,00;2,36
2023-S13;2023-03-27;2023-04-02;Norte;757186,96;4259;177,79;9,48;44;749580,00;5,19
2023-S13;2023-03-27;2023-04-02;Nordeste;1046380,94;6158;169,92;9,92;44;1060200,00;4,76
2023-S13;2023-03-27;2023-04-02;Centro-Oeste;937526,98;4670;200,76;8,83;50;840720,00;24,78
2023-S13;2023-03-27;2023-04-02;Sudeste;1592378,07;6673;238,63;9,22;58;1616340,00;-7,57
2023-S13;2023-03-27;2023-04-02;Sul;1030982,39;4509;228,65;8,17;50;1008120,00;8,84
2023-S14;2023-04-03;2023-04-09;Norte;728948,25;3879;187,92;8,30;45;765700,00;-3,73
2023-S14;2023-04-03;2023-04-09;Nordeste;1153235,73;6248;184,58;9,47;45;1083000,00;10,21
2023-S14;2023-04-03;2023-04-09;Centro-Oeste;802925,29;3868;207,58;9,76;54;858800,00;-14,36
2023-S14;2023-04-03;2023-04-09;Sudeste;1576019,58;6453;244,23;9,53;56;1651100,00;-1,03
2023-S14;2023-04-03;2023-04-09;Sul;1028072,89;4824;213,12;7,55;48;1029800,00;-0,28
2023-S15;2023-04-10;2023-04-16;Norte;782127,29;4312;181,38;8,48;45;765700,00;7,30
2023-S15;2023-04-10;2023-04-16;Nordeste;1046276,14;6039;173,25;8,26;46;1083000,00;-9,27
2023-S15;2023-04-10;2023-04-16;Centro-Oeste;848619,15;4158;204,09;8,97;52;858800,00;5,69
2023-S15;2023-04-10;2023-04-16;Sudeste;1630949,02;6648;245,33;9,40;56;1651100,00;3,49
2023-S15;2023-04-10;2023-04-16;Sul;1035604,32;4585;225,87;8,40;51;1029800,00;0,73
2023-S16;2023-04-17;2023-04-23;Norte;762671,85;3992;191,05;8,13;45;765700,00;-2,49
2023-S16;2023-04-17;2023-04-23;Nordeste;1107872,39;6366;174,03;8,71;42;1083000,00;5,89
2023-S16;2023-04-17;2023-04-23;Centro-Oeste;869674,79;4128;210,68;9,10;46;858800,00;2,48
2023-S16;2023-04-17;2023-04-23;Sudeste;1573660,62;6398;245,96;9,28;51;1651100,00;-3,51
2023-S16;2023-04-17;2023-04-23;Sul;1056789,14;5115;206,61;8,71;48;1029800,00;2,05
2023-S17;2023-04-24;2023-04-30;Norte;781836,40;4363;179,20;8,22;51;765700,00;2,51
2023-S17;2023-04-24;2023-04-30;Nordeste;1099798,06;6234;176,42;8,06;42;1083000,00;-0,73
2023-S17;2023-04-24;2023-04-30;Centro-Oeste;869241,99;4232;205,40;9,46;47;858800,00;-0,05
2023-S17;2023-04-24;2023-04-30;Sudeste;1663008,43;6591;252,32;9,30;57;1651100,00;5,68
2023-S17;2023-04-24;2023-04-30;Sul;1083064,94;4784;226,39;8,28;48;1029800,00;2,49
2023-S18;2023-05-01;2023-05-07;Norte;958402,14;4264;224,77;8,05;50;951080,00;22,58
2023-S18;2023-05-01;2023-05-07;Nordeste;1284404,69;5745;223,57;7,90;41;1345200,00;16,79
2023-S18;2023-05-01;2023-05-07;Centro-Oeste;1111936,60;4528;245,57;9,17;52;1066720,00;27,92
2023-S18;2023-05-01;2023-05-07;Sudeste;2133910,54;7024;303,80;8,78;50;2050840,00;28,32
2023-S18;2023-05-01;2023-05-07;Sul;1381028,15;5111;270,21;8,63;51;1279120,00;27,51
2023-S19;2023-05-08;2023-05-14;Norte;955737,01;4141;230,80;8,05;47;951080,00;-0,28
2023-S19;2023-05-08;2023-05-14;Nordeste;1274972,09;5766;221,12;8,65;49;1345200,00;-0,73
2023-S19;2023-05-08;2023-05-14;Centro-Oeste;1064958,61;4070;261,66;8,91;49;1066720,00;-4,22
2023-S19;2023-05-08;2023-05-14;Sudeste;1963000,07;6241;314,53;9,63;52;2050840,00;-8,01
2023-S19;2023-05-08;2023-05-14;Sul;1258434,87;4407;285,55;9,33;52;1279120,00;-8,88
2023-S20;2023-05-15;2023-05-21;Norte;935126,18;4199;222,70;7,89;46;951080,00;-2,16
2023-S20;2023-05-15;2023-05-21;Nordeste;1372980,85;6162;222,81;8,52;41;1345200,00;7,69
2023-S20;2023-05-15;2023-05-21;Centro-Oeste;1100876,71;4537;242,64;8,91;48;1066720,00;3,37
2023-S20;2023-05-15;2023-05-21;Sudeste;2142159,75;6765;316,65;10,08;56;2050840,00;9,13
2023-S20;2023-05-15;2023-05-21;Sul;1192051,84;4504;264,67;9,66;51;1279120,00;-5,28
2023-S21;2023-05-22;2023-05-28;Norte;958722,97;4281;223,95;7,83;51;951080,00;2,52
2023-S21;2023-05-22;2023-05-28;Nordeste;1273100,54;5961;213,57;8,52;46;1345200,00;-7,27
2023-S21;2023-05-22;2023-05-28;Centro-Oeste;1033586,26;4160;248,46;9,31;46;1066720,00;-6,11
2023-S21;2023-05-22;2023-05-28;Sudeste;2127758,21;7296;291,63;9,53;53;2050840,00;-0,67
2023-S21;2023-05-22;2023-05-28;Sul;1259088,59;4688;268,58;8,63;53;1279120,00;5,62
2023-S22;2023-05-29;2023-06-04;Norte;993471,52;4273;232,50;7,75;50;951080,00;3,62
2023-S22;2023-05-29;2023-06-04;Nordeste;1410678,35;5965;236,49;8,67;41;1345200,00;10,81
2023-S22;2023-05-29;2023-06-04;Centro-Oeste;1079397,06;4322;249,74;8,90;53;1066720,00;4,43
2023-S22;2023-05-29;2023-06-04;Sudeste;2088112,30;6436;324,44;9,52;50;2050840,00;-1,86
2023-S22;2023-05-29;2023-06-04;Sul;1263860,96;4522;279,49;8,90;51;1279120,00;0,38
2023-S23;2023-06-05;2023-06-11;Norte;971296,70;4472;217,20;7,87;46;926900,00;-2,23
2023-S23;2023-06-05;2023-06-11;Nordeste;1367346,00;6387;214,08;9,11;45;1311000,00;-3,07
2023-S23;2023-06-05;2023-06-11;Centro-Oeste;1046851,30;4247;246,49;8,77;47;1039600,00;-3,02
2023-S23;2023-06-05;2023-06-11;Sudeste;1928636,99;6398;301,44;9,83;57;1998700,00;-7,64
2023-S23;2023-06-05;2023-06-11;Sul;1252216,18;4393;285,05;7,86;54;1246600,00;-0,92
2023-S24;2023-06-12;2023-06-18;Norte;852116,94;3769;226,09;8,07;46;926900,00;-12,27
2023-S24;2023-06-12;2023-06-18;Nordeste;1331562,82;6326;210,49;9,04;46;1311000,00;-2,62
2023-S24;2023-06-12;2023-06-18;Centro-Oeste;1087240,10;4455;244,05;9,52;49;1039600,00;3,86
2023-S24;2023-06-12;2023-06-18;Sudeste;2118009,63;7122;297,39;8,55;54;1998700,00;9,82
2023-S24;2023-06-12;2023-06-18;Sul;1195541,62;4394;272,09;8,06;48;1246600,00;-4,53
2023-S25;2023-06-19;2023-06-25;Norte;906250,23;4113;220,34;8,61;51;926900,00;6,35
2023-S25;2023-06-19;2023-06-25;Nordeste;1355584,29;6351;213,44;9,01;48;1311000,00;1,80
2023-S25;2023-06-19;2023-06-25;Centro-Oeste;1054234,76;4441;237,39;9,27;54;1039600,00;-3,04
2023-S25;2023-06-19;2023-06-25;Sudeste;2067515,98;6962;296,97;9,99;52;1998700,00;-2,38
2023-S25;2023-06-19;2023-06-25;Sul;1225556,16;4419;277,34;8,22;55;1246600,00;2,51
2023-S26;2023-06-26;2023-07-02;Norte;871638,73;4044;215,54;8,31;44;926900,00;-3,82
2023-S26;2023-06-26;2023-07-02;Nordeste;1340573,96;5936;225,84;8,43;44;1311000,00;-1,11
2023-S26;2023-06-26;2023-07-02;Centro-Oeste;1048613,06;4335;241,89;10,06;48;1039600,00;-0,53
2023-S26;2023-06-26;2023-07-02;Sudeste;2069825,61;6870;301,28;9,21;51;1998700,00;0,11
2023-S26;2023-06-26;2023-07-02;Sul;1238235,24;4628;267,55;9,09;51;1246600,00;1,03
2023-S27;2023-07-03;2023-07-09;Norte;712844,76;4041;176,40;7,82;51;741520,00;-18,22
2023-S27;2023-07-03;2023-07-09;Nordeste;1018308,07;6143;165,77;9,01;48;1048800,00;-24,04
2023-S27;2023-07-03;2023-07-09;Centro-Oeste;818330,35;4028;203,16;9,17;47;831680,00;-21,96
2023-S27;2023-07-03;2023-07-09;Sudeste;1641139,73;6784;241,91;9,68;58;1598960,00;-20,71
2023-S27;2023-07-03;2023-07-09;Sul;940158,82;4363;215,48;8,76;49;997280,00;-24,07
2023-S28;2023-07-10;2023-07-16;Norte;675442,99;3688;183,15;8,52;52;741520,00;-5,25
2023-S28;2023-07-10;2023-07-16;Nordeste;1057328,04;6096;173,45;8,59;45;1048800,00;3,83
2023-S28;2023-07-10;2023-07-16;Centro-Oeste;856500,41;4266;200,77;9,68;48;831680,00;4,66
2023-S28;2023-07-10;2023-07-16;Sudeste;1705819,67;7000;243,69;9,42;50;1598960,00;3,94
2023-S28;2023-07-10;2023-07-16;Sul;909431,84;4193;216,89;8,09;53;997280,00;-3,27
2023-S29;2023-07-17;2023-07-23;Norte;747753,96;4296;174,06;7,66;44;741520,00;10,71
2023-S29;2023-07-17;2023-07-23;Nordeste;1079640,01;6576;164,18;8,91;43;1048800,00;2,11
2023-S29;2023-07-17;2023-07-23;Centro-Oeste;847542,63;4355;194,61;8,94;49;831680,00;-1,05
2023-S29;2023-07-17;2023-07-23;Sudeste;1555674,39;6733;231,05;9,40;57;1598960,00;-8,80
2023-S29;2023-07-17;2023-07-23;Sul;989653,08;4733;209,10;8,62;51;997280,00;8,82
2023-S30;2023-07-24;2023-07-30;Norte;716701,14;4270;167,85;8,71;50;741520,00;-4,15
2023-S30;2023-07-24;2023-07-30;Nordeste;1060323,60;6038;175,61;8,32;43;1048800,00;-1,79
2023-S30;2023-07-24;2023-07-30;Centro-Oeste;820105,69;4216;194,52;9,83;53;831680,00;-3,24
2023-S30;2023-07-24;2023-07-30;Sudeste;1643886,90;7118;230,95;9,18;56;1598960,00;5,67
2023-S30;2023-07-24;2023-07-30;Sul;1032412,88;4757;217,03;7,72;52;997280,00;4,32
2023-S31;2023-07-31;2023-08-06;Norte;738561,02;4093;180,44;8,44;46;741520,00;3,05
2023-S31;2023-07-31;2023-08-06;Nordeste;956334,94;5129;186,46;8,56;47;1048800,00;-9,81
2023-S31;2023-07-31;2023-08-06;Centro-Oeste;853990,68;4328;197,32;8,48;49;831680,00;4,13
2023-S31;2023-07-31;2023-08-06;Sudeste;1649131,58;6948;237,35;9,58;57;1598960,00;0,32
2023-S31;2023-07-31;2023-08-06;Sul;975440,64;4602;211,96;8,86;50;997280,00;-5,52
2023-S32;2023-08-07;2023-08-13;Norte;763702,17;4164;183,41;8,35;51;725400,00;3,40
2023-S32;2023-08-07;2023-08-13;Nordeste;1052951,91;6302;167,08;9,24;44;1026000,00;10,10
2023-S32;2023-08-07;2023-08-13;Centro-Oeste;796609,83;4097;194,44;9,79;47;813600,00;-6,72
2023-S32;2023-08-07;2023-08-13;Sudeste;1506611,65;6266;240,44;10,01;56;1564200,00;-8,64
2023-S32;2023-08-07;2023-08-13;Sul;978007,65;4973;196,66;9,47;50;975600,00;0,26
2023-S33;2023-08-14;2023-08-20;Norte;693166,56;3980;174,16;9,31;47;725400,00;-9,24
2023-S33;2023-08-14;2023-08-20;Nordeste;1068812,29;6331;168,82;9,06;47;1026000,00;1,51
2023-S33;2023-08-14;2023-08-20;Centro-Oeste;833509,86;4488;185,72;9,38;50;813600,00;4,63
2023-S33;2023-08-14;2023-08-20;Sudeste;1632979,13;7060;231,30;9,15;57;1564200,00;8,39
2023-S33;2023-08-14;2023-08-20;Sul;974840,72;4592;212,29;8,62;54;975600,00;-0,32
2023-S34;2023-08-21;2023-08-27;Norte;733641,99;4256;172,38;7,97;49;725400,00;5,84
2023-S34;2023-08-21;2023-08-27;Nordeste;1097335,08;6815;161,02;8,13;42;1026000,00;2,67
2023-S34;2023-08-21;2023-08-27;Centro-Oeste;824150,98;4322;190,69;10,08;53;813600,00;-1,12
2023-S34;2023-08-21;2023-08-27;Sudeste;1495456,59;5986;249,83;9,65;52;1564200,00;-8,42
2023-S34;2023-08-21;2023-08-27;Sul;938096,89;4508;208,10;8,66;54;975600,00;-3,77
2023-S35;2023-08-28;2023-09-03;Norte;663827,76;3718;178,54;8,46;50;725400,00;-9,52
2023-S35;2023-08-28;2023-09-03;Nordeste;1074631,98;6472;166,04;8,65;43;1026000,00;-2,07
2023-S35;2023-08-28;2023-09-03;Centro-Oeste;806787,45;4002;201,60;8,69;49;813600,00;-2,11
2023-S35;2023-08-28;2023-09-03;Sudeste;1698759,64;6942;244,71;9,18;58;1564200,00;13,59
2023-S35;2023-08-28;2023-09-03;Sul;1002687,46;4648;215,72;8,52;53;975600,00;6,89
2023-S36;2023-09-04;2023-09-10;Norte;721752,01;3998;180,53;8,36;47;757640,00;8,73
2023-S36;2023-09-04;2023-09-10;Nordeste;1023895,31;5895;173,69;9,53;48;1071600,00;-4,72
2023-S36;2023-09-04;2023-09-10;Centro-Oeste;872993,50;4483;194,73;9,61;49;849760,00;8,21
2023-S36;2023-09-04;2023-09-10;Sudeste;1626071,25;6510;249,78;10,46;55;1633720,00;-4,28
2023-S36;2023-09-04;2023-09-10;Sul;1078981,03;4964;217,36;8,00;55;1018960,00;7,61
2023-S37;2023-09-11;2023-09-17;Norte;792395,54;4256;186,18;8,26;46;757640,00;9,79
2023-S37;2023-09-11;2023-09-17;Nordeste;1176403,69;6930;169,76;8,88;43;1071600,00;14,89
2023-S37;2023-09-11;2023-09-17;Centro-Oeste;852865,76;4198;203,16;9,36;54;849760,00;-2,31
2023-S37;2023-09-11;2023-09-17;Sudeste;1665923,58;6694;248,87;9,15;50;1633720,00;2,45
2023-S37;2023-09-11;2023-09-17;Sul;1008592,69;4637;217,51;8,28;48;1018960,00;-6,52
2023-S38;2023-09-18;2023-09-24;Norte;774120,13;4104;188,63;7,82;51;757640,00;-2,31
2023-S38;2023-09-18;2023-09-24;Nordeste;1044809,12;6350;164,54;9,08;42;1071600,00;-11,19
2023-S38;2023-09-18;2023-09-24;Centro-Oeste;804694,65;4062;198,10;9,29;46;849760,00;-5,65
2023-S38;2023-09-18;2023-09-24;Sudeste;1616884,45;6526;247,76;9,23;53;1633720,00;-2,94
2023-S38;2023-09-18;2023-09-24;Sul;1038013,70;4773;217,48;8,77;49;1018960,00;2,92
2023-S39;2023-09-25;2023-10-01;Norte;764818,68;4169;183,45;9,11;45;757640,00;-1,20
2023-S39;2023-09-25;2023-10-01;Nordeste;1078858,04;6134;175,88;9,87;43;1071600,00;3,26
2023-S39;2023-09-25;2023-10-01;Centro-Oeste;848102,10;4233;200,35;8,01;51;849760,00;5,39
2023-S39;2023-09-25;2023-10-01;Sudeste;1624291,49;6640;244,62;9,36;53;1633720,00;0,46
2023-S39;2023-09-25;2023-10-01;Sul;1056395,63;4840;218,26;8,17;49;1018960,00;1,77
2023-S40;2023-10-02;2023-10-08;Norte;783615,07;4234;185,08;8,44;50;773760,00;2,46
2023-S40;2023-10-02;2023-10-08;Nordeste;1090544,07;6164;176,92;8,89;45;1094400,00;1,08
2023-S40;2023-10-02;2023-10-08;Centro-Oeste;891649,94;4394;202,92;8,58;47;867840,00;5,13
2023-S40;2023-10-02;2023-10-08;Sudeste;1720128,23;6902;249,22;9,57;51;1668480,00;5,90
2023-S40;2023-10-02;2023-10-08;Sul;991956,90;4452;222,81;7,62;50;1040640,00;-6,10
2023-S41;2023-10-09;2023-10-15;Norte;773591,66;4077;189,75;7,89;50;773760,00;-1,28
2023-S41;2023-10-09;2023-10-15;Nordeste;1149580,98;6708;171,37;7,53;43;1094400,00;5,41
2023-S41;2023-10-09;2023-10-15;Centro-Oeste;843531,74;3940;214,09;9,35;53;867840,00;-5,40
2023-S41;2023-10-09;2023-10-15;Sudeste;1629584,89;6372;255,74;9,54;57;1668480,00;-5,26
2023-S41;2023-10-09;2023-10-15;Sul;996627,92;4293;232,15;8,57;48;1040640,00;0,47
2023-S42;2023-10-16;2023-10-22;Norte;814696,28;4332;188,06;8,88;45;773760,00;5,31
2023-S42;2023-10-16;2023-10-22;Nordeste;1068510,19;5753;185,73;8,83;41;1094400,00;-7,05
2023-S42;2023-10-16;2023-10-22;Centro-Oeste;819615,17;3882;211,13;9,48;49;867840,00;-2,84
2023-S42;2023-10-16;2023-10-22;Sudeste;1694622,48;6552;258,64;10,76;57;1668480,00;3,99
2023-S42;2023-10-16;2023-10-22;Sul;1062901,95;4720;225,19;8,05;52;1040640,00;6,65
2023-S43;2023-10-23;2023-10-29;Norte;751349,56;3829;196,23;9,04;50;773760,00;-7,78
2023-S43;2023-10-23;2023-10-29;Nordeste;1113500,71;6363;175,00;8,45;41;1094400,00;4,21
2023-S43;2023-10-23;2023-10-29;Centro-Oeste;875257,18;4045;216,38;8,80;46;867840,00;6,79
2023-S43;2023-10-23;2023-10-29;Sudeste;1706313,18;6468;263,81;9,03;53;1668480,00;0,69
2023-S43;2023-10-23;2023-10-29;Sul;1061054,45;4919;215,71;8,68;56;1040640,00;-0,17
2023-S44;2023-10-30;2023-11-05;Norte;835662,02;4527;184,60;8,68;44;773760,00;11,22
2023-S44;2023-10-30;2023-11-05;Nordeste;1141182,66;6338;180,05;8,97;43;1094400,00;2,49
2023-S44;2023-10-30;2023-11-05;Centro-Oeste;864580,00;4129;209,39;8,89;48;867840,00;-1,22
2023-S44;2023-10-30;2023-11-05;Sudeste;1563313,89;6342;246,50;9,88;51;1668480,00;-8,38
2023-S44;2023-10-30;2023-11-05;Sul;1027941,71;4697;218,85;8,76;50;1040640,00;-3,12
2023-S45;2023-11-06;2023-11-12;Norte;1082324,06;4204;257,45;8,37;48;1088100,00;29,52
2023-S45;2023-11-06;2023-11-12;Nordeste;1580695,16;6803;232,35;8,16;44;1539000,00;38,51
2023-S45;2023-11-06;2023-11-12;Centro-Oeste;1208745,90;3959;305,32;10,27;52;1220400,00;39,81
2023-S45;2023-11-06;2023-11-12;Sudeste;2467568,28;7069;349,07;9,95;56;2346300,00;57,84
2023-S45;2023-11-06;2023-11-12;Sul;1368064,05;4319;316,75;8,56;55;1463400,00;33,09
2023-S46;2023-11-13;2023-11-19;Norte;1007718,28;3719;270,96;8,26;45;1088100,00;-6,89
2023-S46;2023-11-13;2023-11-19;Nordeste;1546726,28;6642;232,87;8,55;43;1539000,00;-2,15
2023-S46;2023-11-13;2023-11-19;Centro-Oeste;1204571,94;4156;289,84;9,60;53;1220400,00;-0,35
2023-S46;2023-11-13;2023-11-19;Sudeste;2321301,88;6252;371,29;8,99;57;2346300,00;-5,93
2023-S46;2023-11-13;2023-11-19;Sul;1469727,95;4531;324,37;9,57;48;1463400,00;7,43
2023-S47;2023-11-20;2023-11-26;Norte;1139230,64;4315;264,02;8,11;50;1088100,00;13,05
2023-S47;2023-11-20;2023-11-26;Nordeste;1468267,50;5473;268,27;8,29;46;1539000,00;-5,07
2023-S47;2023-11-20;2023-11-26;Centro-Oeste;1189158,24;4028;295,22;9,21;46;1220400,00;-1,28
2023-S47;2023-11-20;2023-11-26;Sudeste;2343474,11;6450;363,33;9,49;52;2346300,00;0,96
2023-S47;2023-11-20;2023-11-26;Sul;1484916,51;4543;326,86;8,46;53;1463400,00;1,03
2023-S48;2023-11-27;2023-12-03;Norte;1184251,02;4660;254,13;8,17;49;1088100,00;3,95
2023-S48;2023-11-27;2023-12-03;Nordeste;1509516,52;6303;239,49;9,57;44;1539000,00;2,81
2023-S48;2023-11-27;2023-12-03;Centro-Oeste;1184926,32;4375;270,84;9,17;51;1220400,00;-0,36
2023-S48;2023-11-27;2023-12-03;Sudeste;2250405,41;6505;345,95;9,23;54;2346300,00;-3,97
2023-S48;2023-11-27;2023-12-03;Sul;1383666,19;4624;299,24;7,75;50;1463400,00;-6,82
2023-S49;2023-12-04;2023-12-10;Norte;1142845,54;3965;288,23;9,10;44;1144520,00;-3,50
2023-S49;2023-12-04;2023-12-10;Nordeste;1581716,34;5962;265,30;8,96;47;1618800,00;4,78
2023-S49;2023-12-04;2023-12-10;Centro-Oeste;1229092,33;3931;312,67;9,53;49;1283680,00;3,73
2023-S49;2023-12-04;2023-12-10;Sudeste;2398408,86;6292;381,18;9,26;56;2467960,00;6,58
2023-S49;2023-12-04;2023-12-10;Sul;1538337,72;4495;342,23;9,23;54;1539280,00;11,18
2023-S50;2023-12-11;2023-12-17;Norte;1130987,08;4262;265,37;7,79;45;1144520,00;-1,04
2023-S50;2023-12-11;2023-12-17;Nordeste;1684098,74;6255;269,24;9,09;45;1618800,00;6,47
2023-S50;2023-12-11;2023-12-17;Centro-Oeste;1193639,16;3911;305,20;7,75;52;1283680,00;-2,88
2023-S50;2023-12-11;2023-12-17;Sudeste;2464431,36;6570;375,10;9,83;51;2467960,00;2,75
2023-S50;2023-12-11;2023-12-17;Sul;1601700,22;4606;347,74;8,83;56;1539280,00;4,12
2023-S51;2023-12-18;2023-12-24;Norte;1111797,68;3966;280,33;7,92;46;1144520,00;-1,70
2023-S51;2023-12-18;2023-12-24;Nordeste;1635758,38;6262;261,22;8,46;43;1618800,00;-2,87
2023-S51;2023-12-18;2023-12-24;Centro-Oeste;1258865,96;4124;305,25;8,66;49;1283680,00;5,46
2023-S51;2023-12-18;2023-12-24;Sudeste;2440033,91;6371;382,99;9,63;53;2467960,00;-0,99
2023-S51;2023-12-18;2023-12-24;Sul;1531481,90;4310;355,33;7,90;49;1539280,00;-4,38
2023-S52;2023-12-25;2023-12-31;Norte;1179374,07;4207;280,34;7,98;48;1144520,00;6,08
2023-S52;2023-12-25;2023-12-31;Nordeste;1647487,56;6221;264,83;8,92;44;1618800,00;0,72
2023-S52;2023-12-25;2023-12-31;Centro-Oeste;1288631,07;4417;291,74;9,11;47;1283680,00;2,36
2023-S52;2023-12-25;2023-12-31;Sudeste;2545471,72;6754;376,88;10,31;50;2467960,00;4,32
2023-S52;2023-12-25;2023-12-31;Sul;1513981,45;4405;343,70;8,85;48;1539280,00;-1,14
2024-S01;2024-01-01;2024-01-07;Norte;793826,35;3891;204,02;8,58;51;822120,00;-32,69
2024-S01;2024-01-01;2024-01-07;Nordeste;1154165,15;6284;183,67;8,88;47;1162800,00;-29,94
2024-S01;2024-01-01;2024-01-07;Centro-Oeste;893198,25;3920;227,86;8,74;49;922080,00;-30,69
2024-S01;2024-01-01;2024-01-07;Sudeste;1824213,93;6480;281,51;9,19;56;1772760,00;-28,33
2024-S01;2024-01-01;2024-01-07;Sul;1013355,40;4461;227,16;9,15;48;1105680,00;-33,07
2024-S02;2024-01-08;2024-01-14;Norte;779484,50;4102;190,03;8,40;46;822120,00;-1,81
2024-S02;2024-01-08;2024-01-14;Nordeste;1186309,84;6271;189,17;7,53;44;1162800,00;2,79
2024-S02;2024-01-08;2024-01-14;Centro-Oeste;904750,78;4245;213,13;9,55;53;922080,00;1,29
2024-S02;2024-01-08;2024-01-14;Sudeste;1669025,56;6200;269,20;10,31;55;1772760,00;-8,51
2024-S02;2024-01-08;2024-01-14;Sul;1106919,63;4491;246,48;8,55;48;1105680,00;9,23
2024-S03;2024-01-15;2024-01-21;Norte;874799,65;4439;197,07;8,04;51;822120,00;12,23
2024-S03;2024-01-15;2024-01-21;Nordeste;1132294,35;6208;182,39;9,23;42;1162800,00;-4,55
2024-S03;2024-01-15;2024-01-21;Centro-Oeste;871534,75;3756;232,04;9,57;47;922080,00;-3,67
2024-S03;2024-01-15;2024-01-21;Sudeste;1743774,64;6467;269,64;9,03;53;1772760,00;4,48
2024-S03;2024-01-15;2024-01-21;Sul;1084525,31;4807;225,61;9,14;56;1105680,00;-2,02
2024-S04;2024-01-22;2024-01-28;Norte;781675,04;3798;205,81;8,31;45;822120,00;-10,65
2024-S04;2024-01-22;2024-01-28;Nordeste;1140748,23;5798;196,75;7,77;43;1162800,00;0,75
2024-S04;2024-01-22;2024-01-28;Centro-Oeste;899410,01;3871;232,35;8,19;53;922080,00;3,20
2024-S04;2024-01-22;2024-01-28;Sudeste;1745291,50;6582;265,16;9,73;51;1772760,00;0,09
2024-S04;2024-01-22;2024-01-28;Sul;1177531,49;4570;257,67;9,49;48;1105680,00;8,58
2024-S05;2024-01-29;2024-02-04;Norte;862549,90;4097;210,53;8,89;47;822120,00;10,35
2024-S05;2024-01-29;2024-02-04;Nordeste;1117257,15;5971;187,11;8,03;42;1162800,00;-2,06
2024-S05;2024-01-29;2024-02-04;Centro-Oeste;879807,68;4261;206,48;8,58;51;922080,00;-2,18
2024-S05;2024-01-29;2024-02-04;Sudeste;1711358,11;6040;283,34;8,55;51;1772760,00;-1,94
2024-S05;2024-01-29;2024-02-04;Sul;1079092,65;4607;234,23;8,33;54;1105680,00;-8,36
2024-S06;2024-02-05;2024-02-11;Norte;679031,43;3988;170,27;7,49;50;725400,00;-21,28
2024-S06;2024-02-05;2024-02-11;Nordeste;1036481,97;6351;163,20;8,97;42;1026000,00;-7,23
2024-S06;2024-02-05;2024-02-11;Centro-Oeste;822865,24;4346;189,34;9,61;49;813600,00;-6,47
2024-S06;2024-02-05;2024-02-11;Sudeste;1563148,96;6653;234,95;8,75;56;1564200,00;-8,66
2024-S06;2024-02-05;2024-02-11;Sul;1032077,41;4887;211,19;8,49;48;975600,00;-4,36
2024-S07;2024-02-12;2024-02-18;Norte;709506,01;4085;173,69;7,81;49;725400,00;4,49
2024-S07;2024-02-12;2024-02-18;Nordeste;1053849,71;6202;169,92;7,62;43;1026000,00;1,68
2024-S07;2024-02-12;2024-02-18;Centro-Oeste;769786,51;3998;192,54;9,09;54;813600,00;-6,45
2024-S07;2024-02-12;2024-02-18;Sudeste;1625999,16;6712;242,25;9,10;54;1564200,00;4,02
2024-S07;2024-02-12;2024-02-18;Sul;999531,81;4872;205,16;7,83;50;975600,00;-3,15
2024-S08;2024-02-19;2024-02-25;Norte;736194,20;4199;175,33;7,24;44;725400,00;3,76
2024-S08;2024-02-19;2024-02-25;Nordeste;997314,25;6081;164,00;9,07;48;1026000,00;-5,36
2024-S08;2024-02-19;2024-02-25;Centro-Oeste;812586,05;4259;190,79;8,72;50;813600,00;5,56
2024-S08;2024-02-19;2024-02-25;Sudeste;1546911,31;6672;231,85;10,01;53;1564200,00;-4,86
2024-S08;2024-02-19;2024-02-25;Sul;971447,47;4414;220,08;7,53;51;975600,00;-2,81
2024-S09;2024-02-26;2024-03-03;Norte;722476,60;4155;173,88;8,40;51;725400,00;-1,86
2024-S09;2024-02-26;2024-03-03;Nordeste;1006710,45;6068;165,90;8,36;43;1026000,00;0,94
2024-S09;2024-02-26;2024-03-03;Centro-Oeste;854544,60;4425;193,12;8,58;51;813600,00;5,16
2024-S09;2024-02-26;2024-03-03;Sudeste;1644529,84;6885;238,86;8,93;58;1564200,00;6,31
2024-S09;2024-02-26;2024-03-03;Sul;970973,51;4704;206,41;9,20;56;975600,00;-0,05
2024-S10;2024-03-04;2024-03-10;Norte;727921,39;4064;179,11;8,36;44;749580,00;0,75
2024-S10;2024-03-04;2024-03-10;Nordeste;1099334,04;6643;165,49;8,50;43;1060200,00;9,20
2024-S10;2024-03-04;2024-03-10;Centro-Oeste;846021,93;4371;193,55;9,22;48;840720,00;-1,00
2024-S10;2024-03-04;2024-03-10;Sudeste;1645549,98;6344;259,39;9,78;55;1616340,00;0,06
2024-S10;2024-03-04;2024-03-10;Sul;1063270,67;4894;217,26;7,84;50;1008120,00;9,51
2024-S11;2024-03-11;2024-03-17;Norte;688599,79;3582;192,24;8,07;44;749580,00;-5,40
2024-S11;2024-03-11;2024-03-17;Nordeste;1036948,72;5649;183,56;9,61;43;1060200,00;-5,67
2024-S11;2024-03-11;2024-03-17;Centro-Oeste;856531,40;4305;198,96;8,51;52;840720,00;1,24
2024-S11;2024-03-11;2024-03-17;Sudeste;1610648,71;6275;256,68;9,35;56;1616340,00;-2,12
2024-S11;2024-03-11;2024-03-17;Sul;1008756,91;4547;221,85;8,16;50;1008120,00;-5,13
2024-S12;2024-03-18;2024-03-24;Norte;764975,95;4289;178,36;7,81;45;749580,00;11,09
2024-S12;2024-03-18;2024-03-24;Nordeste;1074909,77;6640;161,88;8,55;48;1060200,00;3,66
2024-S12;2024-03-18;2024-03-24;Centro-Oeste;818860,14;4137;197,94;9,20;47;840720,00;-4,40
2024-S12;2024-03-18;2024-03-24;Sudeste;1683016,76;6631;253,81;9,84;57;1616340,00;4,49
2024-S12;2024-03-18;2024-03-24;Sul;992463,58;4574;216,98;9,33;50;1008120,00;-1,62
2024-S13;2024-03-25;2024-03-31;Norte;649624,89;3288;197,57;8,08;46;749580,00;-15,08
2024-S13;2024-03-25;2024-03-31;Nordeste;1026062,25;5911;173,59;8,91;49;1060200,00;-4,54
2024-S13;2024-03-25;2024-03-31;Centro-Oeste;865210,74;4119;210,05;9,68;54;840720,00;5,66
2024-S13;2024-03-25;2024-03-31;Sudeste;1626536,62;6549;248,36;8,81;51;1616340,00;-3,36
2024-S13;2024-03-25;2024-03-31;Sul;955035,97;4390;217,55;8,30;49;1008120,00;-3,77
2024-S14;2024-04-01;2024-04-07;Norte;712981,06;3847;185,33;7,86;45;765700,00;9,75
2024-S14;2024-04-01;2024-04-07;Nordeste;1107717,27;6079;182,22;9,09;46;1083000,00;7,96
2024-S14;2024-04-01;2024-04-07;Centro-Oeste;898331,35;4349;206,56;9,20;49;858800,00;3,83
2024-S14;2024-04-01;2024-04-07;Sudeste;1634837,90;6562;249,14;9,46;51;1651100,00;0,51
2024-S14;2024-04-01;2024-04-07;Sul;1098631,90;4753;231,14;8,42;53;1029800,00;15,04
2024-S15;2024-04-08;2024-04-14;Norte;784073,53;4249;184,53;8,91;47;765700,00;9,97
2024-S15;2024-04-08;2024-04-14;Nordeste;1073899,95;6251;171,80;10,01;49;1083000,00;-3,05
2024-S15;2024-04-08;2024-04-14;Centro-Oeste;882440,20;4382;201,38;8,71;53;858800,00;-1,77
2024-S15;2024-04-08;2024-04-14;Sudeste;1643391,40;6609;248,66;8,85;55;1651100,00;0,52
2024-S15;2024-04-08;2024-04-14;Sul;991113,61;4540;218,31;8,21;48;1029800,00;-9,79
2024-S16;2024-04-15;2024-04-21;Norte;723940,47;3901;185,58;8,52;48;765700,00;-7,67
2024-S16;2024-04-15;2024-04-21;Nordeste;1101646,79;6373;172,86;9,25;46;1083000,00;2,58
2024-S16;2024-04-15;2024-04-21;Centro-Oeste;891313,81;4400;202,57;9,86;52;858800,00;1,01
2024-S16;2024-04-15;2024-04-21;Sudeste;1696340,81;6669;254,36;8,59;56;1651100,00;3,22
2024-S16;2024-04-15;2024-04-21;Sul;1090068,38;5247;207,75;8,83;54;1029800,00;9,98
2024-S17;2024-04-22;2024-04-28;Norte;781542,90;4244;184,15;8,40;48;765700,00;7,96
2024-S17;2024-04-22;2024-04-28;Nordeste;1141493,28;6207;183,90;8,78;44;1083000,00;3,62
2024-S17;2024-04-22;2024-04-28;Centro-Oeste;848998,71;4319;196,57;8,61;48;858800,00;-4,75
2024-S17;2024-04-22;2024-04-28;Sudeste;1587806,49;6404;247,94;9,66;56;1651100,00;-6,40
2024-S17;2024-04-22;2024-04-28;Sul;952854,13;4051;235,21;8,51;56;1029800,00;-12,59
2024-S18;2024-04-29;2024-05-05;Norte;790002,68;4143;190,68;8,60;45;765700,00;1,08
2024-S18;2024-04-29;2024-05-05;Nordeste;1074056,76;6042;177,77;9,57;43;1083000,00;-5,91
2024-S18;2024-04-29;2024-05-05;Centro-Oeste;826623,05;3988;207,28;8,72;46;858800,00;-2,64
2024-S18;2024-04-29;2024-05-05;Sudeste;1801451,26;6826;263,91;9,74;51;1651100,00;13,46
2024-S18;2024-04-29;2024-05-05;Sul;1129696,08;4952;228,13;9,24;52;1029800,00;18,56
2024-S19;2024-05-06;2024-05-12;Norte;892564,43;3994;223,48;8,58;48;951080,00;12,98
2024-S19;2024-05-06;2024-05-12;Nordeste;1373357,92;6545;209,83;8,57;41;1345200,00;27,87
2024-S19;2024-05-06;2024-05-12;Centro-Oeste;1116040,23;4135;269,90;8,62;54;1066720,00;35,01
2024-S19;2024-05-06;2024-05-12;Sudeste;2099116,83;7132;294,32;9,12;56;2050840,00;16,52
2024-S19;2024-05-06;2024-05-12;Sul;1252671,10;4507;277,94;9,11;50;1279120,00;10,89
2024-S20;2024-05-13;2024-05-19;Norte;953803,86;4183;228,02;7,97;48;951080,00;6,86
2024-S20;2024-05-13;2024-05-19;Nordeste;1426983,78;6435;221,75;9,62;44;1345200,00;3,90
2024-S20;2024-05-13;2024-05-19;Centro-Oeste;1056046,25;4219;250,31;8,49;53;1066720,00;-5,38
2024-S20;2024-05-13;2024-05-19;Sudeste;2148849,54;6361;337,82;9,70;54;2050840,00;2,37
2024-S20;2024-05-13;2024-05-19;Sul;1221465,12;4256;287,00;8,32;51;1279120,00;-2,49
2024-S21;2024-05-20;2024-05-26;Norte;925538,63;3809;242,99;8,68;49;951080,00;-2,96
2024-S21;2024-05-20;2024-05-26;Nordeste;1327380,90;5938;223,54;8,18;42;1345200,00;-6,98
2024-S21;2024-05-20;2024-05-26;Centro-Oeste;1053815,10;4474;235,54;9,09;50;1066720,00;-0,21
2024-S21;2024-05-20;2024-05-26;Sudeste;2075131,23;6862;302,41;9,28;50;2050840,00;-3,43
2024-S21;2024-05-20;2024-05-26;Sul;1331349,74;4837;275,24;7,68;55;1279120,00;9,00
2024-S22;2024-05-27;2024-06-02;Norte;947719,46;4315;219,63;8,21;52;951080,00;2,40
2024-S22;2024-05-27;2024-06-02;Nordeste;1327550,35;6262;212,00;7,94;41;1345200,00;0,01
2024-S22;2024-05-27;2024-06-02;Centro-Oeste;1004102,48;3999;251,09;8,18;51;1066720,00;-4,72
2024-S22;2024-05-27;2024-06-02;Sudeste;2055716,58;6266;328,07;10,51;58;2050840,00;-0,94
2024-S22;2024-05-27;2024-06-02;Sul;1250173,95;4524;276,34;8,36;55;1279120,00;-6,10
2024-S23;2024-06-03;2024-06-09;Norte;981086,37;4418;222,07;8,64;47;926900,00;3,52
2024-S23;2024-06-03;2024-06-09;Nordeste;1267857,45;5882;215,55;9,25;43;1311000,00;-4,50
2024-S23;2024-06-03;2024-06-09;Centro-Oeste;937330,21;3815;245,70;8,53;51;1039600,00;-6,65
2024-S23;2024-06-03;2024-06-09;Sudeste;2035126,91;6504;312,90;9,40;53;1998700,00;-1,00
2024-S23;2024-06-03;2024-06-09;Sul;1294378,08;5046;256,52;8,76;55;1246600,00;3,54
2024-S24;2024-06-10;2024-06-16;Norte;902985,94;4049;223,01;8,53;50;926900,00;-7,96
2024-S24;2024-06-10;2024-06-16;Nordeste;1320078,32;6053;218,09;9,49;41;1311000,00;4,12
2024-S24;2024-06-10;2024-06-16;Centro-Oeste;1015248,87;3880;261,66;8,55;53;1039600,00;8,31
2024-S24;2024-06-10;2024-06-16;Sudeste;2006829,86;6577;305,13;9,03;51;1998700,00;-1,39
2024-S24;2024-06-10;2024-06-16;Sul;1256948,58;4375;287,30;8,53;50;1246600,00;-2,89
2024-S25;2024-06-17;2024-06-23;Norte;922859,97;4105;224,81;7,90;52;926900,00;2,20
2024-S25;2024-06-17;2024-06-23;Nordeste;1325654,10;6340;209,09;8,77;42;1311000,00;0,42
2024-S25;2024-06-17;2024-06-23;Centro-Oeste;1043785,30;4229;246,82;9,05;53;1039600,00;2,81
2024-S25;2024-06-17;2024-06-23;Sudeste;1938490,61;6490;298,69;9,79;56;1998700,00;-3,41
2024-S25;2024-06-17;2024-06-23;Sul;1294780,26;4905;263,97;8,31;55;1246600,00;3,01
2024-S26;2024-06-24;2024-06-30;Norte;1037834,20;4560;227,60;8,59;50;926900,00;12,46
2024-S26;2024-06-24;2024-06-30;Nordeste;1419682,56;6657;213,26;8,74;45;1311000,00;7,09
2024-S26;2024-06-24;2024-06-30;Centro-Oeste;1020117,65;4009;254,46;9,14;51;1039600,00;-2,27
2024-S26;2024-06-24;2024-06-30;Sudeste;2037108,17;6754;301,62;9,71;54;1998700,00;5,09
2024-S26;2024-06-24;2024-06-30;Sul;1300665,36;4693;277,15;8,90;55;1246600,00;0,45
2024-S27;2024-07-01;2024-07-07;Norte;755978,46;4413;171,31;7,82;50;741520,00;-27,16
2024-S27;2024-07-01;2024-07-07;Nordeste;1112380,94;7012;158,64;8,79;47;1048800,00;-21,65
2024-S27;2024-07-01;2024-07-07;Centro-Oeste;888407,12;4255;208,79;9,07;51;831680,00;-12,91
2024-S27;2024-07-01;2024-07-07;Sudeste;1566937,70;6774;231,32;9,50;53;1598960,00;-23,08
2024-S27;2024-07-01;2024-07-07;Sul;1068378,18;4853;220,15;7,88;48;997280,00;-17,86
2024-S28;2024-07-08;2024-07-14;Norte;758624,47;4327;175,32;8,36;51;741520,00;0,35
2024-S28;2024-07-08;2024-07-14;Nordeste;1087359,16;6289;172,90;8,17;43;1048800,00;-2,25
2024-S28;2024-07-08;2024-07-14;Centro-Oeste;795459,27;4020;197,88;9,92;50;831680,00;-10,46
2024-S28;2024-07-08;2024-07-14;Sudeste;1647145,00;6761;243,62;9,66;51;1598960,00;5,12
2024-S28;2024-07-08;2024-07-14;Sul;973317,86;4550;213,92;7,93;50;997280,00;-8,90
2024-S29;2024-07-15;2024-07-21;Norte;763425,33;4035;189,20;8,01;45;741520,00;0,63
2024-S29;2024-07-15;2024-07-21;Nordeste;1031557,49;6026;171,18;8,91;44;1048800,00;-5,13
2024-S29;2024-07-15;2024-07-21;Centro-Oeste;863327,01;4425;195,10;8,82;46;831680,00;8,53
2024-S29;2024-07-15;2024-07-21;Sudeste;1580298,16;6660;237,28;9,97;53;1598960,00;-4,06
2024-S29;2024-07-15;2024-07-21;Sul;1004696,02;4506;222,97;9,00;48;997280,00;3,22
2024-S30;2024-07-22;2024-07-28;Norte;753290,85;4232;178,00;8,57;48;741520,00;-1,33
2024-S30;2024-07-22;2024-07-28;Nordeste;1110757,69;6636;167,38;8,82;43;1048800,00;7,68
2024-S30;2024-07-22;2024-07-28;Centro-Oeste;902312,92;4518;199,72;9,04;51;831680,00;4,52
2024-S30;2024-07-22;2024-07-28;Sudeste;1616066,67;6417;251,84;9,72;52;1598960,00;2,26
2024-S30;2024-07-22;2024-07-28;Sul;987281,09;4568;216,13;9,09;53;997280,00;-1,73
2024-S31;2024-07-29;2024-08-04;Norte;737035,04;4056;181,71;8,82;46;741520,00;-2,16
2024-S31;2024-07-29;2024-08-04;Nordeste;1053356,41;6341;166,12;9,56;46;1048800,00;-5,17
2024-S31;2024-07-29;2024-08-04;Centro-Oeste;829710,75;4369;189,91;8,68;50;831680,00;-8,05
2024-S31;2024-07-29;2024-08-04;Sudeste;1570106,76;6393;245,60;10,04;51;1598960,00;-2,84
2024-S31;2024-07-29;2024-08-04;Sul;1042121,75;4652;224,02;8,99;51;997280,00;5,55
2024-S32;2024-08-05;2024-08-11;Norte;751862,09;4235;177,54;8,70;45;725400,00;2,01
2024-S32;2024-08-05;2024-08-11;Nordeste;1072008,78;6330;169,35;8,33;44;1026000,00;1,77
2024-S32;2024-08-05;2024-08-11;Centro-Oeste;857256,79;4506;190,25;8,93;48;813600,00;3,32
2024-S32;2024-08-05;2024-08-11;Sudeste;1592536,79;6448;246,98;9,48;58;1564200,00;1,43
2024-S32;2024-08-05;2024-08-11;Sul;1055492,64;4695;224,81;8,33;55;975600,00;1,28
2024-S33;2024-08-12;2024-08-18;Norte;715462,94;4121;173,61;7,68;52;725400,00;-4,84
2024-S33;2024-08-12;2024-08-18;Nordeste;1044410,66;6076;171,89;8,54;41;1026000,00;-2,57
2024-S33;2024-08-12;2024-08-18;Centro-Oeste;826587,86;4184;197,56;9,44;46;813600,00;-3,58
2024-S33;2024-08-12;2024-08-18;Sudeste;1553702,23;6432;241,56;8,66;56;1564200,00;-2,44
2024-S33;2024-08-12;2024-08-18;Sul;927502,26;4380;211,76;8,30;55;975600,00;-12,13
2024-S34;2024-08-19;2024-08-25;Norte;724430,28;4127;175,53;7,72;50;725400,00;1,25
2024-S34;2024-08-19;2024-08-25;Nordeste;999471,14;5920;168,83;8,93;44;1026000,00;-4,30
2024-S34;2024-08-19;2024-08-25;Centro-Oeste;831192,23;4310;192,85;8,96;54;813600,00;0,56
2024-S34;2024-08-19;2024-08-25;Sudeste;1469880,86;6083;241,64;9,02;53;1564200,00;-5,39
2024-S34;2024-08-19;2024-08-25;Sul;970393,72;4619;210,09;8,89;49;975600,00;4,62
2024-S35;2024-08-26;2024-09-01;Norte;729617,14;4123;176,96;8,21;46;725400,00;0,72
2024-S35;2024-08-26;2024-09-01;Nordeste;1037558,00;6093;170,29;8,65;43;1026000,00;3,81
2024-S35;2024-08-26;2024-09-01;Centro-Oeste;806231,01;3958;203,70;8,74;49;813600,00;-3,00
2024-S35;2024-08-26;2024-09-01;Sudeste;1527262,47;6413;238,15;9,49;55;1564200,00;3,90
2024-S35;2024-08-26;2024-09-01;Sul;905378,86;4551;198,94;7,94;56;975600,00;-6,70
2024-S36;2024-09-02;2024-09-08;Norte;823060,95;4496;183,07;8,46;48;757640,00;12,81
2024-S36;2024-09-02;2024-09-08;Nordeste;1064947,20;6068;175,50;9,20;44;1071600,00;2,64
2024-S36;2024-09-02;2024-09-08;Centro-Oeste;791765,65;3929;201,52;8,57;50;849760,00;-1,79
2024-S36;2024-09-02;2024-09-08;Sudeste;1713573,44;6924;247,48;10,48;51;1633720,00;12,20
2024-S36;2024-09-02;2024-09-08;Sul;1009549,16;4606;219,18;7,73;52;1018960,00;11,51
2024-S37;2024-09-09;2024-09-15;Norte;787071,06;4431;177,63;7,34;47;757640,00;-4,37
2024-S37;2024-09-09;2024-09-15;Nordeste;1046780,67;6074;172,34;9,12;47;1071600,00;-1,71
2024-S37;2024-09-09;2024-09-15;Centro-Oeste;863549,93;4197;205,75;8,92;53;849760,00;9,07
2024-S37;2024-09-09;2024-09-15;Sudeste;1571742,27;6211;253,06;9,70;52;1633720,00;-8,28
2024-S37;2024-09-09;2024-09-15;Sul;1029123,00;4739;217,16;7,39;50;1018960,00;1,94
2024-S38;2024-09-16;2024-09-22;Norte;726861,56;3980;182,63;8,12;46;757640,00;-7,65
2024-S38;2024-09-16;2024-09-22;Nordeste;1130987,26;6750;167,55;8,67;43;1071600,00;8,04
2024-S38;2024-09-16;2024-09-22;Centro-Oeste;829509,38;4023;206,19;9,18;52;849760,00;-3,94
2024-S38;2024-09-16;2024-09-22;Sudeste;1698322,97;6673;254,51;9,35;51;1633720,00;8,05
2024-S38;2024-09-16;2024-09-22;Sul;945701,41;4300;219,93;8,57;48;1018960,00;-8,11
2024-S39;2024-09-23;2024-09-29;Norte;761317,77;4339;175,46;8,56;45;757640,00;4,74
2024-S39;2024-09-23;2024-09-29;Nordeste;1080389,62;6261;172,56;10,04;41;1071600,00;-4,47
2024-S39;2024-09-23;2024-09-29;Centro-Oeste;850989,62;4227;201,32;9,17;51;849760,00;2,59
2024-S39;2024-09-23;2024-09-29;Sudeste;1554794,14;6194;251,02;9,31;52;1633720,00;-8,45
2024-S39;2024-09-23;2024-09-29;Sul;966922,28;4356;221,97;8,21;53;1018960,00;2,24
2024-S40;2024-09-30;2024-10-06;Norte;763838,86;4262;179,22;8,25;52;757640,00;0,33
2024-S40;2024-09-30;2024-10-06;Nordeste;1050144,96;6286;167,06;9,51;42;1071600,00;-2,80
2024-S40;2024-09-30;2024-10-06;Centro-Oeste;894083,31;4484;199,39;8,93;52;849760,00;5,06
2024-S40;2024-09-30;2024-10-06;Sudeste;1724307,15;6583;261,93;10,09;52;1633720,00;10,90
2024-S40;2024-09-30;2024-10-06;Sul;1025423,39;4712;217,62;8,83;54;1018960,00;6,05
2024-S41;2024-10-07;2024-10-13;Norte;754788,54;4216;179,03;8,67;45;773760,00;-1,18
2024-S41;2024-10-07;2024-10-13;Nordeste;1064880,50;5924;179,76;10,11;45;1094400,00;1,40
2024-S41;2024-10-07;2024-10-13;Centro-Oeste;837868,36;3931;213,14;9,90;47;867840,00;-6,29
2024-S41;2024-10-07;2024-10-13;Sudeste;1770871,56;6742;262,66;9,03;52;1668480,00;2,70
2024-S41;2024-10-07;2024-10-13;Sul;1006767,40;4410;228,29;8,72;52;1040640,00;-1,82
2024-S42;2024-10-14;2024-10-20;Norte;803351,12;4367;183,96;7,91;45;773760,00;6,43
2024-S42;2024-10-14;2024-10-20;Nordeste;1087596,29;5916;183,84;8,52;42;1094400,00;2,13
2024-S42;2024-10-14;2024-10-20;Centro-Oeste;887818,54;4240;209,39;7,96;48;867840,00;5,96
2024-S42;2024-10-14;2024-10-20;Sudeste;1675006,75;6695;250,19;9,87;57;1668480,00;-5,41
2024-S42;2024-10-14;2024-10-20;Sul;1076903,68;4745;226,96;8,27;54;1040640,00;6,97
2024-S43;2024-10-21;2024-10-27;Norte;797964,40;4288;186,09;9,54;46;773760,00;-0,67
2024-S43;2024-10-21;2024-10-27;Nordeste;1170770,01;6571;178,17;8,31;48;1094400,00;7,65
2024-S43;2024-10-21;2024-10-27;Centro-Oeste;820457,61;3892;210,81;8,18;51;867840,00;-7,59
2024-S43;2024-10-21;2024-10-27;Sudeste;1729498,69;6496;266,24;10,54;53;1668480,00;3,25
2024-S43;2024-10-21;2024-10-27;Sul;1001616,62;4330;231,32;7,92;56;1040640,00;-6,99
2024-S44;2024-10-28;2024-11-03;Norte;765069,10;4035;189,61;7,76;50;773760,00;-4,12
2024-S44;2024-10-28;2024-11-03;Nordeste;1019692,81;5792;176,05;8,94;42;1094400,00;-12,90
2024-S44;2024-10-28;2024-11-03;Centro-Oeste;845200,71;4094;206,45;9,04;46;867840,00;3,02
2024-S44;2024-10-28;2024-11-03;Sudeste;1619390,41;6205;260,98;9,68;55;1668480,00;-6,37
2024-S44;2024-10-28;2024-11-03;Sul;1055607,12;4861;217,16;9,26;50;1040640,00;5,39
2024-S45;2024-11-04;2024-11-10;Norte;1081369,40;4042;267,53;8,99;50;1088100,00;41,34
2024-S45;2024-11-04;2024-11-10;Nordeste;1407979,11;5622;250,44;9,79;41;1539000,00;38,08
2024-S45;2024-11-04;2024-11-10;Centro-Oeste;1219939,79;4267;285,90;8,90;46;1220400,00;44,34
2024-S45;2024-11-04;2024-11-10;Sudeste;2297142,78;6489;354,01;8,93;50;2346300,00;41,85
2024-S45;2024-11-04;2024-11-10;Sul;1437454,16;4730;303,90;9,37;50;1463400,00;36,17
2024-S46;2024-11-11;2024-11-17;Norte;1125192,14;4157;270,67;8,29;45;1088100,00;4,05
2024-S46;2024-11-11;2024-11-17;Nordeste;1539303,62;6134;250,95;9,07;43;1539000,00;9,33
2024-S46;2024-11-11;2024-11-17;Centro-Oeste;1176162,28;4118;285,61;9,06;54;1220400,00;-3,59
2024-S46;2024-11-11;2024-11-17;Sudeste;2321150,61;6647;349,20;9,06;50;2346300,00;1,05
2024-S46;2024-11-11;2024-11-17;Sul;1491423,68;4719;316,05;8,79;48;1463400,00;3,75
2024-S47;2024-11-18;2024-11-24;Norte;1066778,53;4098;260,32;8,46;50;1088100,00;-5,19
2024-S47;2024-11-18;2024-11-24;Nordeste;1591299,69;6542;243,24;7,82;49;1539000,00;3,38
2024-S47;2024-11-18;2024-11-24;Centro-Oeste;1211343,49;4269;283,75;8,58;49;1220400,00;2,99
2024-S47;2024-11-18;2024-11-24;Sudeste;2311203,44;6562;352,21;9,65;51;2346300,00;-0,43
2024-S47;2024-11-18;2024-11-24;Sul;1303216,72;4154;313,73;8,75;48;1463400,00;-12,62
2024-S48;2024-11-25;2024-12-01;Norte;1109354,86;4198;264,26;8,51;52;1088100,00;3,99
2024-S48;2024-11-25;2024-12-01;Nordeste;1519508,30;6129;247,92;8,59;47;1539000,00;-4,51
2024-S48;2024-11-25;2024-12-01;Centro-Oeste;1168384,64;3991;292,75;8,71;51;1220400,00;-3,55
2024-S48;2024-11-25;2024-12-01;Sudeste;2308948,88;6557;352,13;9,68;55;2346300,00;-0,10
2024-S48;2024-11-25;2024-12-01;Sul;1478234,96;4550;324,89;8,57;56;1463400,00;13,43
2024-S49;2024-12-02;2024-12-08;Norte;1169305,63;4169;280,48;9,28;47;1144520,00;5,40
2024-S49;2024-12-02;2024-12-08;Nordeste;1628585,84;6461;252,06;8,56;41;1618800,00;7,18
2024-S49;2024-12-02;2024-12-08;Centro-Oeste;1284993,79;4156;309,19;8,85;53;1283680,00;9,98
2024-S49;2024-12-02;2024-12-08;Sudeste;2455202,23;6365;385,73;9,64;54;2467960,00;6,33
2024-S49;2024-12-02;2024-12-08;Sul;1597026,73;4778;334,25;8,40;51;1539280,00;8,04
2024-S50;2024-12-09;2024-12-15;Norte;1189700,30;4347;273,68;8,65;49;1144520,00;1,74
2024-S50;2024-12-09;2024-12-15;Nordeste;1718291,65;6591;260,70;9,24;49;1618800,00;5,51
2024-S50;2024-12-09;2024-12-15;Centro-Oeste;1313845,18;4122;318,74;9,58;48;1283680,00;2,25
2024-S50;2024-12-09;2024-12-15;Sudeste;2642052,96;6965;379,33;8,36;50;2467960,00;7,61
2024-S50;2024-12-09;2024-12-15;Sul;1557187,54;4686;332,31;8,78;55;1539280,00;-2,49
2024-S51;2024-12-16;2024-12-22;Norte;1201022,44;4252;282,46;8,54;47;1144520,00;0,95
2024-S51;2024-12-16;2024-12-22;Nordeste;1605070,51;6016;266,80;8,08;43;1618800,00;-6,59
2024-S51;2024-12-16;2024-12-22;Centro-Oeste;1344226,23;4409;304,88;9,74;54;1283680,00;2,31
2024-S51;2024-12-16;2024-12-22;Sudeste;2461401,68;6382;385,68;9,28;52;2467960,00;-6,84
2024-S51;2024-12-16;2024-12-22;Sul;1508396,60;4414;341,73;8,83;54;1539280,00;-3,13
2024-S52;2024-12-23;2024-12-29;Norte;1106289,80;3967;278,87;9,87;45;1144520,00;-7,89
2024-S52;2024-12-23;2024-12-29;Nordeste;1699669,85;6536;260,05;9,04;41;1618800,00;5,89
2024-S52;2024-12-23;2024-12-29;Centro-Oeste;1282862,88;4048;316,91;9,85;54;1283680,00;-4,56
2024-S52;2024-12-23;2024-12-29;Sudeste;2586704,43;7157;361,42;10,03;57;2467960,00;5,09
2024-S52;2024-12-23;2024-12-29;Sul;1494965,76;4605;324,64;9,60;50;1539280,00;-0,89
